Nome;Sobrenome;Telefone;Email;
Enzo;Silva;(51) 7991-7697;EnzoSousaSilva@dayrep.com;
Matheus;Cunha;(44) 2770-3992;MatheusCardosoCunha@armyspy.com;
Luis;Azevedo;(67) 7627-5794;LuisFerreiraAzevedo@teleworm.us;
Yasmin;Rodrigues;(34) 8654-4059;YasminCastroRodrigues@einrot.com;
Julieta;Cunha;97285-4342;JulietaFernandesCunha@cuvox.de;
Matilde;Barros;(51) 93392-4376;MatildeSantosBarros@fleckens.hu;
Jos�;Cardoso;(19) 93100-9330;JoseCunhaCardoso@fleckens.hu;
Julieta;Dias;(16) 9791-3589;JulietaSousaDias@dayrep.com;
Miguel;Cavalcanti;2108-4179;MiguelRochaCavalcanti@gustr.com;
Rafael;Rodrigues;(11) 6691-4245;RafaelPereiraRodrigues@jourrapide.com;
Vit�r;Santos;4828-9956;VitorSouzaSantos@fleckens.hu;
Breno;Alves;5640-5171;BrenoMartinsAlves@armyspy.com;
Clara;Gomes;(12) 7536-7900;ClaraFerreiraGomes@teleworm.us;
Pedro;Almeida;9470-8555;PedroSousaAlmeida@einrot.com;
Marisa;Fernandes;(48) 6279-3304;MarisaOliveiraFernandes@jourrapide.com;
Emilly;Gomes;(13) 6130-3954;EmillyMeloGomes@gustr.com;
Kai;Souza;(61) 6944-6976;KaiFernandesSouza@cuvox.de;
Douglas;Cunha;(11) 6666-3103;DouglasGoncalvesCunha@einrot.com;
Kai;Ferreira;(17) 6142-2446;KaiAlmeidaFerreira@superrito.com;
Isabella;Cardoso;4963-2373;IsabellaRodriguesCardoso@teleworm.us;
Rodrigo;Fernandes;(11) 4457-5787;RodrigoGomesFernandes@cuvox.de;
Samuel;Alves;(16) 6801-8039;SamuelRodriguesAlves@fleckens.hu;
Douglas;Souza;(11) 5791-7526;DouglasCavalcantiSouza@einrot.com;
Luana;Dias;7791-8676;LuanaLimaDias@fleckens.hu;
Bruna;Castro;(79) 4072-7262;BrunaBarbosaCastro@superrito.com;
Paulo;Rocha;(11) 4581-9502;PauloAlmeidaRocha@einrot.com;
Eduarda;Costa;(31) 9075-2622;EduardaCarvalhoCosta@armyspy.com;
Thiago;Castro;(18) 6517-6731;ThiagoBarbosaCastro@gustr.com;
Alex;Cardoso;5492-5462;AlexCostaCardoso@jourrapide.com;
Kaua;Melo;9795-4009;KauaSousaMelo@jourrapide.com;
Isabelle;Ferreira;(35) 8279-5999;IsabelleMeloFerreira@rhyta.com;
Carlos;Castro;(11) 7113-2995;CarlosMartinsCastro@fleckens.hu;
Vin�cius;Cavalcanti;(15) 6751-7259;ViniciusDiasCavalcanti@dayrep.com;
Douglas;Correia;8184-5450;DouglasFerreiraCorreia@fleckens.hu;
Raissa;Almeida;(51) 9593-8515;RaissaOliveiraAlmeida@rhyta.com;
Lucas;Pereira;(11) 93547-3757;LucasRodriguesPereira@rhyta.com;
Julia;Correia;(81) 97598-9573;JuliaPintoCorreia@jourrapide.com;
Livia;Castro;(85) 2929-3929;LiviaRochaCastro@armyspy.com;
Vinicius;Silva;9592-7527;ViniciusAraujoSilva@teleworm.us;
Breno;Goncalves;(41) 6252-4831;BrenoSantosGoncalves@dayrep.com;
Eduardo;Cardoso;(61) 5830-3026;EduardoAlvesCardoso@fleckens.hu;
Maria;Azevedo;(12) 9937-5525;MariaCardosoAzevedo@armyspy.com;
Larissa;Oliveira;3129-4224;LarissaCunhaOliveira@gustr.com;
Nicolash;Souza;(55) 7533-5114;NicolashLimaSouza@teleworm.us;
Larissa;Pereira;(62) 4891-8943;LarissaRibeiroPereira@dayrep.com;
Luiz;Santos;4947-3522;LuizAlvesSantos@armyspy.com;
Samuel;Goncalves;(11) 3441-3672;SamuelLimaGoncalves@dayrep.com;
Isabela;Lima;5366-7994;IsabelaCorreiaLima@teleworm.us;
Samuel;Almeida;(86) 6508-4822;SamuelFernandesAlmeida@cuvox.de;
Vit�r;Carvalho;(51) 9264-6677;VitorSouzaCarvalho@rhyta.com;
Gabriel;Silva;(11) 9417-2540;GabrielSouzaSilva@teleworm.us;
Victor;Goncalves;(11) 98567-6978;VictorSantosGoncalves@gustr.com;
Gabrielly;Costa;93967-7395;GabriellyCastroCosta@jourrapide.com;
Giovana;Sousa;(71) 94611-3675;GiovanaOliveiraSousa@gustr.com;
Luiz;Cavalcanti;(31) 8003-4633;LuizSilvaCavalcanti@fleckens.hu;
Alex;Lima;(11) 3158-5544;AlexCastroLima@rhyta.com;
Fernanda;Dias;(11) 9970-6704;FernandaRodriguesDias@rhyta.com;
Let�cia;Almeida;93539-9219;LeticiaCardosoAlmeida@dayrep.com;
Isabela;Oliveira;(63) 3753-9347;IsabelaLimaOliveira@gustr.com;
Renan;Santos;(18) 9347-3284;RenanAlmeidaSantos@rhyta.com;
Tiago;Castro;(35) 7458-4407;TiagoCarvalhoCastro@dayrep.com;
Anna;Araujo;9591-2029;AnnaSantosAraujo@cuvox.de;
Douglas;Almeida;(31) 3608-9456;DouglasAzevedoAlmeida@gustr.com;
Diego;Castro;7493-5556;DiegoFerreiraCastro@cuvox.de;
Gabrielly;Rodrigues;(16) 4230-8379;GabriellyAlvesRodrigues@teleworm.us;
Kau�;Gomes;(11) 92242-7163;KauaBarrosGomes@armyspy.com;
F�bio;Martins;(42) 9947-9998;FabioMeloMartins@rhyta.com;
Mateus;Alves;(88) 6714-2138;MateusDiasAlves@cuvox.de;
Danilo;Goncalves;(14) 8036-5429;DaniloAraujoGoncalves@gustr.com;
Kau�;Cavalcanti;2977-8668;KaueCastroCavalcanti@armyspy.com;
Maria;Barros;2347-9144;MariaCostaBarros@dayrep.com;
Jos�;Castro;(86) 8344-7745;JoseGoncalvesCastro@fleckens.hu;
Pedro;Cardoso;(21) 5811-7990;PedroAlmeidaCardoso@jourrapide.com;
Sophia;Ferreira;92941-7051;SophiaSantosFerreira@einrot.com;
Marina;Cavalcanti;(61) 93148-6563;MarinaRochaCavalcanti@fleckens.hu;
Guilherme;Barros;(19) 8622-3746;GuilhermeMeloBarros@gustr.com;
Ant�nio;Goncalves;(19) 7704-9293;AntonioAzevedoGoncalves@teleworm.us;
Mariana;Martins;(49) 98123-7949;MarianaCarvalhoMartins@armyspy.com;
Isabelle;Correia;93887-5177;IsabelleDiasCorreia@cuvox.de;
Ant�nio;Oliveira;(11) 2191-9916;AntonioFerreiraOliveira@fleckens.hu;
Amanda;Santos;(62) 2885-3432;AmandaSouzaSantos@teleworm.us;
Kai;Lima;(24) 3356-6882;KaiMeloLima@dayrep.com;
Laura;Araujo;9925-5476;LauraCavalcantiAraujo@teleworm.us;
Sophia;Barros;(55) 3531-2795;SophiaBarbosaBarros@fleckens.hu;
Melissa;Oliveira;(21) 5531-6647;MelissaCorreiaOliveira@dayrep.com;
Renan;Cunha;(47) 97995-3660;RenanDiasCunha@einrot.com;
Gabrielle;Carvalho;(27) 99776-5765;GabrielleCunhaCarvalho@armyspy.com;
Julieta;Pereira;(37) 3422-4666;JulietaMeloPereira@einrot.com;
Beatrice;Rodrigues;(31) 7205-3512;BeatriceBarbosaRodrigues@einrot.com;
Sofia;Alves;(51) 7032-9440;SofiaRochaAlves@jourrapide.com;
Fernanda;Barros;(18) 7599-8726;FernandaCorreiaBarros@jourrapide.com;
Brenda;Araujo;(27) 5111-8476;BrendaBarbosaAraujo@rhyta.com;
Julian;Correia;(81) 9060-3853;JulianPereiraCorreia@armyspy.com;
Tiago;Barros;92311-2430;TiagoPereiraBarros@teleworm.us;
Ot�vio;Cunha;(41) 4574-3242;OtavioSantosCunha@armyspy.com;
Ot�vio;Silva;95810-8895;OtavioRibeiroSilva@cuvox.de;
J�lio;Dias;(27) 9402-3265;JulioAlmeidaDias@jourrapide.com;
Luana;Castro;(11) 6253-6934;LuanaGoncalvesCastro@teleworm.us;
Rodrigo;Rodrigues;(21) 2858-9639;RodrigoBarbosaRodrigues@rhyta.com;
Brenda;Pinto;9553-8772;BrendaCorreiaPinto@armyspy.com;